name,srd_size,srd_type,body_shape,footprint_tiles,canvas_w,canvas_h,door,notes
Avatar of Death,Medium,undead,humanoid,1x1,48,72,YES,stat block inside Deck of Many Things (Skull card); Sizing provenance: canvas and any unstated height/length are art or real-world estimates (not SRD); explicit SRD text and Owner anchors above remain as labeled
Giant Fly,Large,beast,flyer,2x2,144,72,SQUEEZE,from Figurine of Wondrous Power (Ebony Fly); squeezes through 48x96 door (SRD squeezing: one size smaller); stat block inside Figurine of Wondrous Power; Sizing provenance: canvas and any unstated height/length are art or real-world estimates (not SRD); explicit SRD text and Owner anchors above remain as labeled
Aboleth,Large,aberration,serpent,2x2,96,96,SQUEEZE,fish/serpentine; aquatic; squeezes through 48x96 door (SRD squeezing: one size smaller); Sizing provenance: canvas and any unstated height/length are art or real-world estimates (not SRD); explicit SRD text and Owner anchors above remain as labeled
Deva,Medium,celestial,flyer,1x1,96,96,YES,"winged humanoid; wings overhang neighbours; height capped at 96; footprint stays 1 tile, canvas overhangs; passes door lengthwise; Sizing provenance: canvas and any unstated height/length are art or real-world estimates (not SRD); explicit SRD text and Owner anchors above remain as labeled"
Planetar,Large,celestial,flyer,2x2,144,120,SQUEEZE,winged; wings overhang; squeezes through 48x96 door (SRD squeezing: one size smaller); Sizing provenance: canvas and any unstated height/length are art or real-world estimates (not SRD); explicit SRD text and Owner anchors above remain as labeled
Solar,Large,celestial,flyer,2x2,144,144,SQUEEZE,winged; wings overhang; squeezes through 48x96 door (SRD squeezing: one size smaller); Sizing provenance: canvas and any unstated height/length are art or real-world estimates (not SRD); explicit SRD text and Owner anchors above remain as labeled
Animated Armor,Medium,construct,humanoid,1x1,48,72,YES,"suit of armor, human height; Sizing provenance: canvas and any unstated height/length are art or real-world estimates (not SRD); explicit SRD text and Owner anchors above remain as labeled"
Flying Sword,Small,construct,other,1x1,48,48,YES,sword ~36 px long floating; Sizing provenance: canvas and any unstated height/length are art or real-world estimates (not SRD); explicit SRD text and Owner anchors above remain as labeled
Ankheg,Large,monstrosity,quadruped,2x2,96,72,SQUEEZE,squeezes through 48x96 door (SRD squeezing: one size smaller); Sizing provenance: canvas and any unstated height/length are art or real-world estimates (not SRD); explicit SRD text and Owner anchors above remain as labeled
Rug of Smothering,Large,construct,ooze,2x2,96,48,SQUEEZE,flat rug lying on floor; squeezes through 48x96 door (SRD squeezing: one size smaller); Sizing provenance: canvas and any unstated height/length are art or real-world estimates (not SRD); explicit SRD text and Owner anchors above remain as labeled
Basilisk,Medium,monstrosity,quadruped,1x1,96,60,YES,"long eight-legged lizard; overhang; footprint stays 1 tile, canvas overhangs; passes door lengthwise; Sizing provenance: canvas and any unstated height/length are art or real-world estimates (not SRD); explicit SRD text and Owner anchors above remain as labeled"
Azer,Medium,elemental,humanoid,1x1,48,60,YES,dwarf-like build; Sizing provenance: canvas and any unstated height/length are art or real-world estimates (not SRD); explicit SRD text and Owner anchors above remain as labeled
Behir,Huge,monstrosity,serpent,3x3,144,144,NO,"long serpentine, 12 legs; coiled; Sizing provenance: canvas and any unstated height/length are art or real-world estimates (not SRD); explicit SRD text and Owner anchors above remain as labeled"
Bulette,Large,monstrosity,quadruped,2x2,96,72,SQUEEZE,squeezes through 48x96 door (SRD squeezing: one size smaller); Sizing provenance: canvas and any unstated height/length are art or real-world estimates (not SRD); explicit SRD text and Owner anchors above remain as labeled
Bugbear,Medium,humanoid (goblinoid),humanoid,1x1,48,84,YES,tall goblinoid (Owner example 84-96); Sizing provenance: canvas and any unstated height/length are art or real-world estimates (not SRD); explicit SRD text and Owner anchors above remain as labeled
Chimera,Large,monstrosity,flyer,2x2,144,96,SQUEEZE,squeezes through 48x96 door (SRD squeezing: one size smaller); Sizing provenance: canvas and any unstated height/length are art or real-world estimates (not SRD); explicit SRD text and Owner anchors above remain as labeled
Centaur,Large,monstrosity,other,2x2,96,120,SQUEEZE,horse body + human torso; squeezes through 48x96 door (SRD squeezing: one size smaller); Sizing provenance: canvas and any unstated height/length are art or real-world estimates (not SRD); explicit SRD text and Owner anchors above remain as labeled
Chuul,Large,aberration,other,2x2,96,72,SQUEEZE,"lobster-like, low; squeezes through 48x96 door (SRD squeezing: one size smaller); Sizing provenance: canvas and any unstated height/length are art or real-world estimates (not SRD); explicit SRD text and Owner anchors above remain as labeled"
Cloaker,Large,aberration,flyer,2x2,144,72,SQUEEZE,manta-like; flat in flight; squeezes through 48x96 door (SRD squeezing: one size smaller); Sizing provenance: canvas and any unstated height/length are art or real-world estimates (not SRD); explicit SRD text and Owner anchors above remain as labeled
Cockatrice,Small,monstrosity,flyer,1x1,48,48,YES,Sizing provenance: canvas and any unstated height/length are art or real-world estimates (not SRD); explicit SRD text and Owner anchors above remain as labeled
Couatl,Medium,celestial,flyer,1x1,96,48,YES,"winged serpent; long body + feathered wings overhang; footprint stays 1 tile, canvas overhangs; passes door lengthwise; Sizing provenance: canvas and any unstated height/length are art or real-world estimates (not SRD); explicit SRD text and Owner anchors above remain as labeled"
Darkmantle,Small,monstrosity,flyer,1x1,48,48,YES,hangs from ceiling; cloak-like; Sizing provenance: canvas and any unstated height/length are art or real-world estimates (not SRD); explicit SRD text and Owner anchors above remain as labeled
Balor,Huge,fiend (demon),flyer,3x3,192,192,NO,winged; wings overhang 3x3; Sizing provenance: canvas and any unstated height/length are art or real-world estimates (not SRD); explicit SRD text and Owner anchors above remain as labeled
Dretch,Small,fiend (demon),humanoid,1x1,48,48,YES,Sizing provenance: canvas and any unstated height/length are art or real-world estimates (not SRD); explicit SRD text and Owner anchors above remain as labeled
Hezrou,Large,fiend (demon),humanoid,2x2,96,120,SQUEEZE,squeezes through 48x96 door (SRD squeezing: one size smaller); Sizing provenance: canvas and any unstated height/length are art or real-world estimates (not SRD); explicit SRD text and Owner anchors above remain as labeled
Glabrezu,Large,fiend (demon),humanoid,2x2,96,144,SQUEEZE,squeezes through 48x96 door (SRD squeezing: one size smaller); Sizing provenance: canvas and any unstated height/length are art or real-world estimates (not SRD); explicit SRD text and Owner anchors above remain as labeled
Marilith,Large,fiend (demon),other,2x2,96,120,SQUEEZE,"serpent lower body, six-armed torso; squeezes through 48x96 door (SRD squeezing: one size smaller); Sizing provenance: canvas and any unstated height/length are art or real-world estimates (not SRD); explicit SRD text and Owner anchors above remain as labeled"
Nalfeshnee,Large,fiend (demon),flyer,2x2,144,120,SQUEEZE,"small wings, bulky; squeezes through 48x96 door (SRD squeezing: one size smaller); Sizing provenance: canvas and any unstated height/length are art or real-world estimates (not SRD); explicit SRD text and Owner anchors above remain as labeled"
Quasit,Tiny,"fiend (demon, shapechanger)",flyer,1x1 (shared; up to 4 per tile),48,48,YES,visible ~24 px; Sizing provenance: canvas and any unstated height/length are art or real-world estimates (not SRD); explicit SRD text and Owner anchors above remain as labeled
Vrock,Large,fiend (demon),flyer,2x2,144,120,SQUEEZE,vulture wings overhang; squeezes through 48x96 door (SRD squeezing: one size smaller); Sizing provenance: canvas and any unstated height/length are art or real-world estimates (not SRD); explicit SRD text and Owner anchors above remain as labeled
Bearded Devil,Medium,fiend (devil),humanoid,1x1,48,72,YES,Sizing provenance: canvas and any unstated height/length are art or real-world estimates (not SRD); explicit SRD text and Owner anchors above remain as labeled
Barbed Devil,Medium,fiend (devil),humanoid,1x1,48,84,YES,Sizing provenance: canvas and any unstated height/length are art or real-world estimates (not SRD); explicit SRD text and Owner anchors above remain as labeled
Bone Devil,Large,fiend (devil),humanoid,2x2,96,120,SQUEEZE,squeezes through 48x96 door (SRD squeezing: one size smaller); Sizing provenance: canvas and any unstated height/length are art or real-world estimates (not SRD); explicit SRD text and Owner anchors above remain as labeled
Chain Devil,Medium,fiend (devil),humanoid,1x1,48,84,YES,Sizing provenance: canvas and any unstated height/length are art or real-world estimates (not SRD); explicit SRD text and Owner anchors above remain as labeled
Horned Devil,Large,fiend (devil),flyer,2x2,144,120,SQUEEZE,winged; wings overhang 2x2 footprint; squeezes through 48x96 door (SRD squeezing: one size smaller); Sizing provenance: canvas and any unstated height/length are art or real-world estimates (not SRD); explicit SRD text and Owner anchors above remain as labeled
Erinyes,Medium,fiend (devil),flyer,1x1,96,84,YES,"winged humanoid; wings overhang; footprint stays 1 tile, canvas overhangs; passes door lengthwise; Sizing provenance: canvas and any unstated height/length are art or real-world estimates (not SRD); explicit SRD text and Owner anchors above remain as labeled"
Ice Devil,Large,fiend (devil),humanoid,2x2,96,144,SQUEEZE,squeezes through 48x96 door (SRD squeezing: one size smaller); Sizing provenance: canvas and any unstated height/length are art or real-world estimates (not SRD); explicit SRD text and Owner anchors above remain as labeled
Imp,Tiny,"fiend (devil, shapechanger)",flyer,1x1 (shared; up to 4 per tile),48,48,YES,"visible ~24-32 px, winged; Sizing provenance: canvas and any unstated height/length are art or real-world estimates (not SRD); explicit SRD text and Owner anchors above remain as labeled"
Lemure,Medium,fiend (devil),humanoid,1x1,48,60,YES,"shapeless, slouched; Sizing provenance: canvas and any unstated height/length are art or real-world estimates (not SRD); explicit SRD text and Owner anchors above remain as labeled"
Pit Fiend,Large,fiend (devil),flyer,2x2,144,144,SQUEEZE,winged; wings overhang; squeezes through 48x96 door (SRD squeezing: one size smaller); Sizing provenance: canvas and any unstated height/length are art or real-world estimates (not SRD); explicit SRD text and Owner anchors above remain as labeled
Plesiosaurus,Large,beast,other,2x2,144,96,SQUEEZE,long neck/tail overhang; aquatic; squeezes through 48x96 door (SRD squeezing: one size smaller); Sizing provenance: canvas and any unstated height/length are art or real-world estimates (not SRD); explicit SRD text and Owner anchors above remain as labeled
Tyrannosaurus Rex,Huge,beast,quadruped,3x3,144,144,NO,"biped, tall head above 0.75 rule; Sizing provenance: canvas and any unstated height/length are art or real-world estimates (not SRD); explicit SRD text and Owner anchors above remain as labeled"
Triceratops,Huge,beast,quadruped,3x3,144,108,NO,Sizing provenance: canvas and any unstated height/length are art or real-world estimates (not SRD); explicit SRD text and Owner anchors above remain as labeled
Doppelganger,Medium,monstrosity (shapechanger),humanoid,1x1,48,72,YES,Sizing provenance: canvas and any unstated height/length are art or real-world estimates (not SRD); explicit SRD text and Owner anchors above remain as labeled
Ancient Black Dragon,Gargantuan,dragon,flyer,6x6,384,216,NO,"Owner 2026-10-02 22:21 CT: 6x6 footprint; 384 px wingspan overhangs the 288 px footprint; canvas dimensions are art estimates, not SRD measurements; Sizing provenance: canvas and any unstated height/length are art or real-world estimates (not SRD); explicit SRD text and Owner anchors above remain as labeled"
Adult Black Dragon,Huge,dragon,flyer,3x3,192,144,NO,winged; wings overhang 3x3; Sizing provenance: canvas and any unstated height/length are art or real-world estimates (not SRD); explicit SRD text and Owner anchors above remain as labeled
Young Black Dragon,Large,dragon,flyer,2x2,144,96,SQUEEZE,winged; wings overhang 2x2; squeezes through 48x96 door (SRD squeezing: one size smaller); Sizing provenance: canvas and any unstated height/length are art or real-world estimates (not SRD); explicit SRD text and Owner anchors above remain as labeled
Ancient Blue Dragon,Gargantuan,dragon,flyer,6x6,384,216,NO,"Owner 2026-10-02 22:21 CT: 6x6 footprint; 384 px wingspan overhangs the 288 px footprint; canvas dimensions are art estimates, not SRD measurements; Sizing provenance: canvas and any unstated height/length are art or real-world estimates (not SRD); explicit SRD text and Owner anchors above remain as labeled"
Black Dragon Wyrmling,Medium,dragon,flyer,1x1,96,72,YES,"winged; wings overhang; footprint stays 1 tile, canvas overhangs; passes door lengthwise; Sizing provenance: canvas and any unstated height/length are art or real-world estimates (not SRD); explicit SRD text and Owner anchors above remain as labeled"
Adult Blue Dragon,Huge,dragon,flyer,3x3,192,144,NO,winged; wings overhang 3x3; Sizing provenance: canvas and any unstated height/length are art or real-world estimates (not SRD); explicit SRD text and Owner anchors above remain as labeled
Young Blue Dragon,Large,dragon,flyer,2x2,144,96,SQUEEZE,winged; wings overhang 2x2; squeezes through 48x96 door (SRD squeezing: one size smaller); Sizing provenance: canvas and any unstated height/length are art or real-world estimates (not SRD); explicit SRD text and Owner anchors above remain as labeled
Ancient Green Dragon,Gargantuan,dragon,flyer,6x6,384,216,NO,"Owner 2026-10-02 22:21 CT: 6x6 footprint; 384 px wingspan overhangs the 288 px footprint; canvas dimensions are art estimates, not SRD measurements; Sizing provenance: canvas and any unstated height/length are art or real-world estimates (not SRD); explicit SRD text and Owner anchors above remain as labeled"
Blue Dragon Wyrmling,Medium,dragon,flyer,1x1,96,72,YES,"winged; wings overhang; footprint stays 1 tile, canvas overhangs; passes door lengthwise; Sizing provenance: canvas and any unstated height/length are art or real-world estimates (not SRD); explicit SRD text and Owner anchors above remain as labeled"
Adult Green Dragon,Huge,dragon,flyer,3x3,192,144,NO,winged; wings overhang 3x3; Sizing provenance: canvas and any unstated height/length are art or real-world estimates (not SRD); explicit SRD text and Owner anchors above remain as labeled
Young Green Dragon,Large,dragon,flyer,2x2,144,96,SQUEEZE,winged; wings overhang 2x2; squeezes through 48x96 door (SRD squeezing: one size smaller); Sizing provenance: canvas and any unstated height/length are art or real-world estimates (not SRD); explicit SRD text and Owner anchors above remain as labeled
Ancient Red Dragon,Gargantuan,dragon,flyer,6x6,384,216,NO,"Owner 2026-10-02 22:21 CT: 6x6 footprint; 384 px wingspan overhangs the 288 px footprint; canvas dimensions are art estimates, not SRD measurements; Sizing provenance: canvas and any unstated height/length are art or real-world estimates (not SRD); explicit SRD text and Owner anchors above remain as labeled"
Green Dragon Wyrmling,Medium,dragon,flyer,1x1,96,72,YES,"winged; wings overhang; footprint stays 1 tile, canvas overhangs; passes door lengthwise; Sizing provenance: canvas and any unstated height/length are art or real-world estimates (not SRD); explicit SRD text and Owner anchors above remain as labeled"
Adult Red Dragon,Huge,dragon,flyer,3x3,192,144,NO,winged; wings overhang 3x3; Sizing provenance: canvas and any unstated height/length are art or real-world estimates (not SRD); explicit SRD text and Owner anchors above remain as labeled
Young Red Dragon,Large,dragon,flyer,2x2,144,96,SQUEEZE,winged; wings overhang 2x2; squeezes through 48x96 door (SRD squeezing: one size smaller); Sizing provenance: canvas and any unstated height/length are art or real-world estimates (not SRD); explicit SRD text and Owner anchors above remain as labeled
Ancient White Dragon,Gargantuan,dragon,flyer,6x6,384,216,NO,"Owner 2026-10-02 22:21 CT: 6x6 footprint; 384 px wingspan overhangs the 288 px footprint; canvas dimensions are art estimates, not SRD measurements; Sizing provenance: canvas and any unstated height/length are art or real-world estimates (not SRD); explicit SRD text and Owner anchors above remain as labeled"
Red Dragon Wyrmling,Medium,dragon,flyer,1x1,96,72,YES,"winged; wings overhang; footprint stays 1 tile, canvas overhangs; passes door lengthwise; Sizing provenance: canvas and any unstated height/length are art or real-world estimates (not SRD); explicit SRD text and Owner anchors above remain as labeled"
Adult White Dragon,Huge,dragon,flyer,3x3,192,144,NO,winged; wings overhang 3x3; Sizing provenance: canvas and any unstated height/length are art or real-world estimates (not SRD); explicit SRD text and Owner anchors above remain as labeled
Young White Dragon,Large,dragon,flyer,2x2,144,96,SQUEEZE,winged; wings overhang 2x2; squeezes through 48x96 door (SRD squeezing: one size smaller); Sizing provenance: canvas and any unstated height/length are art or real-world estimates (not SRD); explicit SRD text and Owner anchors above remain as labeled
Ancient Brass Dragon,Gargantuan,dragon,flyer,6x6,384,216,NO,"Owner 2026-10-02 22:21 CT: 6x6 footprint; 384 px wingspan overhangs the 288 px footprint; canvas dimensions are art estimates, not SRD measurements; Sizing provenance: canvas and any unstated height/length are art or real-world estimates (not SRD); explicit SRD text and Owner anchors above remain as labeled"
White Dragon Wyrmling,Medium,dragon,flyer,1x1,96,72,YES,"winged; wings overhang; footprint stays 1 tile, canvas overhangs; passes door lengthwise; Sizing provenance: canvas and any unstated height/length are art or real-world estimates (not SRD); explicit SRD text and Owner anchors above remain as labeled"
Adult Brass Dragon,Huge,dragon,flyer,3x3,192,144,NO,winged; wings overhang 3x3; Sizing provenance: canvas and any unstated height/length are art or real-world estimates (not SRD); explicit SRD text and Owner anchors above remain as labeled
Brass Dragon Wyrmling,Medium,dragon,flyer,1x1,96,72,YES,"winged; wings overhang; footprint stays 1 tile, canvas overhangs; passes door lengthwise; Sizing provenance: canvas and any unstated height/length are art or real-world estimates (not SRD); explicit SRD text and Owner anchors above remain as labeled"
Young Brass Dragon,Large,dragon,flyer,2x2,144,96,SQUEEZE,winged; wings overhang 2x2; squeezes through 48x96 door (SRD squeezing: one size smaller); Sizing provenance: canvas and any unstated height/length are art or real-world estimates (not SRD); explicit SRD text and Owner anchors above remain as labeled
Ancient Bronze Dragon,Gargantuan,dragon,flyer,6x6,384,216,NO,"Owner 2026-10-02 22:21 CT: 6x6 footprint; 384 px wingspan overhangs the 288 px footprint; canvas dimensions are art estimates, not SRD measurements; Sizing provenance: canvas and any unstated height/length are art or real-world estimates (not SRD); explicit SRD text and Owner anchors above remain as labeled"
Adult Bronze Dragon,Huge,dragon,flyer,3x3,192,144,NO,winged; wings overhang 3x3; Sizing provenance: canvas and any unstated height/length are art or real-world estimates (not SRD); explicit SRD text and Owner anchors above remain as labeled
Young Bronze Dragon,Large,dragon,flyer,2x2,144,96,SQUEEZE,winged; wings overhang 2x2; squeezes through 48x96 door (SRD squeezing: one size smaller); Sizing provenance: canvas and any unstated height/length are art or real-world estimates (not SRD); explicit SRD text and Owner anchors above remain as labeled
Ancient Copper Dragon,Gargantuan,dragon,flyer,6x6,384,216,NO,"Owner 2026-10-02 22:21 CT: 6x6 footprint; 384 px wingspan overhangs the 288 px footprint; canvas dimensions are art estimates, not SRD measurements; Sizing provenance: canvas and any unstated height/length are art or real-world estimates (not SRD); explicit SRD text and Owner anchors above remain as labeled"
Bronze Dragon Wyrmling,Medium,dragon,flyer,1x1,96,72,YES,"winged; wings overhang; footprint stays 1 tile, canvas overhangs; passes door lengthwise; Sizing provenance: canvas and any unstated height/length are art or real-world estimates (not SRD); explicit SRD text and Owner anchors above remain as labeled"
Adult Copper Dragon,Huge,dragon,flyer,3x3,192,144,NO,winged; wings overhang 3x3; Sizing provenance: canvas and any unstated height/length are art or real-world estimates (not SRD); explicit SRD text and Owner anchors above remain as labeled
Young Copper Dragon,Large,dragon,flyer,2x2,144,96,SQUEEZE,winged; wings overhang 2x2; squeezes through 48x96 door (SRD squeezing: one size smaller); Sizing provenance: canvas and any unstated height/length are art or real-world estimates (not SRD); explicit SRD text and Owner anchors above remain as labeled
Ancient Gold Dragon,Gargantuan,dragon,flyer,6x6,384,216,NO,"Owner 2026-10-02 22:21 CT: 6x6 footprint; 384 px wingspan overhangs the 288 px footprint; canvas dimensions are art estimates, not SRD measurements; Sizing provenance: canvas and any unstated height/length are art or real-world estimates (not SRD); explicit SRD text and Owner anchors above remain as labeled"
Copper Dragon Wyrmling,Medium,dragon,flyer,1x1,96,72,YES,"winged; wings overhang; footprint stays 1 tile, canvas overhangs; passes door lengthwise; Sizing provenance: canvas and any unstated height/length are art or real-world estimates (not SRD); explicit SRD text and Owner anchors above remain as labeled"
Adult Gold Dragon,Huge,dragon,flyer,3x3,192,144,NO,winged; wings overhang 3x3; Sizing provenance: canvas and any unstated height/length are art or real-world estimates (not SRD); explicit SRD text and Owner anchors above remain as labeled
Gold Dragon Wyrmling,Medium,dragon,flyer,1x1,96,72,YES,"winged; wings overhang; footprint stays 1 tile, canvas overhangs; passes door lengthwise; Sizing provenance: canvas and any unstated height/length are art or real-world estimates (not SRD); explicit SRD text and Owner anchors above remain as labeled"
Young Gold Dragon,Large,dragon,flyer,2x2,144,96,SQUEEZE,winged; wings overhang 2x2; squeezes through 48x96 door (SRD squeezing: one size smaller); Sizing provenance: canvas and any unstated height/length are art or real-world estimates (not SRD); explicit SRD text and Owner anchors above remain as labeled
Ancient Silver Dragon,Gargantuan,dragon,flyer,6x6,384,216,NO,"Owner 2026-10-02 22:21 CT: 6x6 footprint; 384 px wingspan overhangs the 288 px footprint; canvas dimensions are art estimates, not SRD measurements; Sizing provenance: canvas and any unstated height/length are art or real-world estimates (not SRD); explicit SRD text and Owner anchors above remain as labeled"
Adult Silver Dragon,Huge,dragon,flyer,3x3,192,144,NO,winged; wings overhang 3x3; Sizing provenance: canvas and any unstated height/length are art or real-world estimates (not SRD); explicit SRD text and Owner anchors above remain as labeled
Silver Dragon Wyrmling,Medium,dragon,flyer,1x1,96,72,YES,"winged; wings overhang; footprint stays 1 tile, canvas overhangs; passes door lengthwise; Sizing provenance: canvas and any unstated height/length are art or real-world estimates (not SRD); explicit SRD text and Owner anchors above remain as labeled"
Young Silver Dragon,Large,dragon,flyer,2x2,144,96,SQUEEZE,winged; wings overhang 2x2; squeezes through 48x96 door (SRD squeezing: one size smaller); Sizing provenance: canvas and any unstated height/length are art or real-world estimates (not SRD); explicit SRD text and Owner anchors above remain as labeled
Dragon Turtle,Gargantuan,dragon,quadruped,4x4,192,144,NO,aquatic; Sizing provenance: canvas and any unstated height/length are art or real-world estimates (not SRD); explicit SRD text and Owner anchors above remain as labeled
Drider,Large,monstrosity,other,2x2,96,120,SQUEEZE,spider body + drow torso; squeezes through 48x96 door (SRD squeezing: one size smaller); Sizing provenance: canvas and any unstated height/length are art or real-world estimates (not SRD); explicit SRD text and Owner anchors above remain as labeled
Dryad,Medium,fey,humanoid,1x1,48,72,YES,Sizing provenance: canvas and any unstated height/length are art or real-world estimates (not SRD); explicit SRD text and Owner anchors above remain as labeled
Duergar,Medium,humanoid (dwarf),humanoid,1x1,48,60,YES,"dwarf height, matches playable Dwarf; Sizing provenance: canvas and any unstated height/length are art or real-world estimates (not SRD); explicit SRD text and Owner anchors above remain as labeled"
Air Elemental,Large,elemental,other,2x2,96,120,SQUEEZE,whirlwind column; squeezes through 48x96 door (SRD squeezing: one size smaller); Sizing provenance: canvas and any unstated height/length are art or real-world estimates (not SRD); explicit SRD text and Owner anchors above remain as labeled
Fire Elemental,Large,elemental,other,2x2,96,120,SQUEEZE,flame column; squeezes through 48x96 door (SRD squeezing: one size smaller); Sizing provenance: canvas and any unstated height/length are art or real-world estimates (not SRD); explicit SRD text and Owner anchors above remain as labeled
Earth Elemental,Large,elemental,humanoid,2x2,96,120,SQUEEZE,squeezes through 48x96 door (SRD squeezing: one size smaller); Sizing provenance: canvas and any unstated height/length are art or real-world estimates (not SRD); explicit SRD text and Owner anchors above remain as labeled
"Elf, Drow",Medium,humanoid (elf),humanoid,1x1,48,72,YES,Sizing provenance: canvas and any unstated height/length are art or real-world estimates (not SRD); explicit SRD text and Owner anchors above remain as labeled
Water Elemental,Large,elemental,other,2x2,96,96,SQUEEZE,wave; squeezes through 48x96 door (SRD squeezing: one size smaller); Sizing provenance: canvas and any unstated height/length are art or real-world estimates (not SRD); explicit SRD text and Owner anchors above remain as labeled
Ettin,Large,giant,humanoid,2x2,96,144,SQUEEZE,two-headed; same as ogre; squeezes through 48x96 door (SRD squeezing: one size smaller); Sizing provenance: canvas and any unstated height/length are art or real-world estimates (not SRD); explicit SRD text and Owner anchors above remain as labeled
Ettercap,Medium,monstrosity,humanoid,1x1,48,72,YES,hunched spider-humanoid; Sizing provenance: canvas and any unstated height/length are art or real-world estimates (not SRD); explicit SRD text and Owner anchors above remain as labeled
Shrieker,Medium,plant,other,1x1,48,60,YES,giant mushroom; Sizing provenance: canvas and any unstated height/length are art or real-world estimates (not SRD); explicit SRD text and Owner anchors above remain as labeled
Gargoyle,Medium,elemental,flyer,1x1,96,84,YES,"winged; wings overhang; footprint stays 1 tile, canvas overhangs; passes door lengthwise; Sizing provenance: canvas and any unstated height/length are art or real-world estimates (not SRD); explicit SRD text and Owner anchors above remain as labeled"
Violet Fungus,Medium,plant,other,1x1,48,60,YES,giant mushroom with tendrils; Sizing provenance: canvas and any unstated height/length are art or real-world estimates (not SRD); explicit SRD text and Owner anchors above remain as labeled
Djinni,Large,elemental,humanoid,2x2,96,144,SQUEEZE,"tall genie, floats; squeezes through 48x96 door (SRD squeezing: one size smaller); Sizing provenance: canvas and any unstated height/length are art or real-world estimates (not SRD); explicit SRD text and Owner anchors above remain as labeled"
Efreeti,Large,elemental,humanoid,2x2,96,144,SQUEEZE,tall genie; squeezes through 48x96 door (SRD squeezing: one size smaller); Sizing provenance: canvas and any unstated height/length are art or real-world estimates (not SRD); explicit SRD text and Owner anchors above remain as labeled
Ghost,Medium,undead,humanoid,1x1,48,72,YES,incorporeal; Sizing provenance: canvas and any unstated height/length are art or real-world estimates (not SRD); explicit SRD text and Owner anchors above remain as labeled
Ghast,Medium,undead,humanoid,1x1,48,72,YES,Sizing provenance: canvas and any unstated height/length are art or real-world estimates (not SRD); explicit SRD text and Owner anchors above remain as labeled
Ghoul,Medium,undead,humanoid,1x1,48,72,YES,Sizing provenance: canvas and any unstated height/length are art or real-world estimates (not SRD); explicit SRD text and Owner anchors above remain as labeled
Fire Giant,Huge,giant,humanoid,3x3,144,240,NO,Owner example; Sizing provenance: canvas and any unstated height/length are art or real-world estimates (not SRD); explicit SRD text and Owner anchors above remain as labeled
Cloud Giant,Huge,giant,humanoid,3x3,192,288,NO,Owner example; canvas wider than 3x3 footprint; Sizing provenance: canvas and any unstated height/length are art or real-world estimates (not SRD); explicit SRD text and Owner anchors above remain as labeled
Frost Giant,Huge,giant,humanoid,3x3,144,240,NO,Owner example; Sizing provenance: canvas and any unstated height/length are art or real-world estimates (not SRD); explicit SRD text and Owner anchors above remain as labeled
Stone Giant,Huge,giant,humanoid,3x3,144,216,NO,between hill and frost (judgement); Sizing provenance: canvas and any unstated height/length are art or real-world estimates (not SRD); explicit SRD text and Owner anchors above remain as labeled
Hill Giant,Huge,giant,humanoid,3x3,144,192,NO,Owner example; SRD 5.1 gives no giant heights; Sizing provenance: canvas and any unstated height/length are art or real-world estimates (not SRD); explicit SRD text and Owner anchors above remain as labeled
Storm Giant,Huge,giant,humanoid,3x3,192,288,NO,Owner example; tallest; canvas wider than 3x3 footprint; Sizing provenance: canvas and any unstated height/length are art or real-world estimates (not SRD); explicit SRD text and Owner anchors above remain as labeled
Gibbering Mouther,Medium,aberration,ooze,1x1,48,48,YES,flat blob; Sizing provenance: canvas and any unstated height/length are art or real-world estimates (not SRD); explicit SRD text and Owner anchors above remain as labeled
Gnoll,Medium,humanoid (gnoll),humanoid,1x1,48,96,YES,tallest Medium; Owner example 84-96; Sizing provenance: canvas and any unstated height/length are art or real-world estimates (not SRD); explicit SRD text and Owner anchors above remain as labeled
Goblin,Small,humanoid (goblinoid),humanoid,1x1,48,48,YES,same canvas as halfling/gnome per Owner example; Sizing provenance: canvas and any unstated height/length are art or real-world estimates (not SRD); explicit SRD text and Owner anchors above remain as labeled
"Gnome, Deep (Svirfneblin)",Small,humanoid (gnome),humanoid,1x1,48,48,YES,same as playable Gnome; Sizing provenance: canvas and any unstated height/length are art or real-world estimates (not SRD); explicit SRD text and Owner anchors above remain as labeled
Clay Golem,Large,construct,humanoid,2x2,96,120,SQUEEZE,squeezes through 48x96 door (SRD squeezing: one size smaller); Sizing provenance: canvas and any unstated height/length are art or real-world estimates (not SRD); explicit SRD text and Owner anchors above remain as labeled
Flesh Golem,Medium,construct,humanoid,1x1,48,96,YES,about 8 ft; capped at door height; Sizing provenance: canvas and any unstated height/length are art or real-world estimates (not SRD); explicit SRD text and Owner anchors above remain as labeled
Iron Golem,Large,construct,humanoid,2x2,96,144,SQUEEZE,squeezes through 48x96 door (SRD squeezing: one size smaller); Sizing provenance: canvas and any unstated height/length are art or real-world estimates (not SRD); explicit SRD text and Owner anchors above remain as labeled
Gorgon,Large,monstrosity,quadruped,2x2,96,72,SQUEEZE,squeezes through 48x96 door (SRD squeezing: one size smaller); Sizing provenance: canvas and any unstated height/length are art or real-world estimates (not SRD); explicit SRD text and Owner anchors above remain as labeled
Stone Golem,Large,construct,humanoid,2x2,96,144,SQUEEZE,squeezes through 48x96 door (SRD squeezing: one size smaller); Sizing provenance: canvas and any unstated height/length are art or real-world estimates (not SRD); explicit SRD text and Owner anchors above remain as labeled
Griffon,Large,monstrosity,flyer,2x2,144,96,SQUEEZE,squeezes through 48x96 door (SRD squeezing: one size smaller); Sizing provenance: canvas and any unstated height/length are art or real-world estimates (not SRD); explicit SRD text and Owner anchors above remain as labeled
Grick,Medium,monstrosity,serpent,1x1,72,48,YES,"worm-like body; footprint stays 1 tile, canvas overhangs; passes door lengthwise; Sizing provenance: canvas and any unstated height/length are art or real-world estimates (not SRD); explicit SRD text and Owner anchors above remain as labeled"
Grimlock,Medium,humanoid (grimlock),humanoid,1x1,48,72,YES,Sizing provenance: canvas and any unstated height/length are art or real-world estimates (not SRD); explicit SRD text and Owner anchors above remain as labeled
Green Hag,Medium,fey,humanoid,1x1,48,72,YES,Sizing provenance: canvas and any unstated height/length are art or real-world estimates (not SRD); explicit SRD text and Owner anchors above remain as labeled
Night Hag,Medium,fiend,humanoid,1x1,48,72,YES,Sizing provenance: canvas and any unstated height/length are art or real-world estimates (not SRD); explicit SRD text and Owner anchors above remain as labeled
Sea Hag,Medium,fey,humanoid,1x1,48,72,YES,Sizing provenance: canvas and any unstated height/length are art or real-world estimates (not SRD); explicit SRD text and Owner anchors above remain as labeled
Harpy,Medium,monstrosity,flyer,1x1,96,72,YES,"winged; wings overhang; footprint stays 1 tile, canvas overhangs; passes door lengthwise; Sizing provenance: canvas and any unstated height/length are art or real-world estimates (not SRD); explicit SRD text and Owner anchors above remain as labeled"
Half-Red Dragon Veteran,Medium,humanoid (human),humanoid,1x1,48,72,YES,Sizing provenance: canvas and any unstated height/length are art or real-world estimates (not SRD); explicit SRD text and Owner anchors above remain as labeled
Hell Hound,Medium,fiend,quadruped,1x1,72,60,YES,"footprint stays 1 tile, canvas overhangs; passes door lengthwise; Sizing provenance: canvas and any unstated height/length are art or real-world estimates (not SRD); explicit SRD text and Owner anchors above remain as labeled"
Hobgoblin,Medium,humanoid (goblinoid),humanoid,1x1,48,72,YES,Sizing provenance: canvas and any unstated height/length are art or real-world estimates (not SRD); explicit SRD text and Owner anchors above remain as labeled
Hippogriff,Large,monstrosity,flyer,2x2,144,96,SQUEEZE,squeezes through 48x96 door (SRD squeezing: one size smaller); Sizing provenance: canvas and any unstated height/length are art or real-world estimates (not SRD); explicit SRD text and Owner anchors above remain as labeled
Homunculus,Tiny,construct,flyer,1x1 (shared; up to 4 per tile),48,48,YES,"visible ~24 px, winged; Sizing provenance: canvas and any unstated height/length are art or real-world estimates (not SRD); explicit SRD text and Owner anchors above remain as labeled"
Invisible Stalker,Medium,elemental,other,1x1,48,72,YES,invisible; silhouette/shimmer only; Sizing provenance: canvas and any unstated height/length are art or real-world estimates (not SRD); explicit SRD text and Owner anchors above remain as labeled
Hydra,Huge,monstrosity,quadruped,3x3,144,144,NO,multiple necks raise height; Sizing provenance: canvas and any unstated height/length are art or real-world estimates (not SRD); explicit SRD text and Owner anchors above remain as labeled
Kobold,Small,humanoid (kobold),humanoid,1x1,48,48,YES,same canvas as halfling/gnome per Owner example; Sizing provenance: canvas and any unstated height/length are art or real-world estimates (not SRD); explicit SRD text and Owner anchors above remain as labeled
Kraken,Gargantuan,monstrosity (titan),serpent,6x6,288,288,NO,tentacles; Owner-allowed oversize; Sizing provenance: canvas and any unstated height/length are art or real-world estimates (not SRD); explicit SRD text and Owner anchors above remain as labeled
Lich,Medium,undead,humanoid,1x1,48,72,YES,Sizing provenance: canvas and any unstated height/length are art or real-world estimates (not SRD); explicit SRD text and Owner anchors above remain as labeled
Lamia,Large,monstrosity,other,2x2,96,120,SQUEEZE,quadruped lower body + humanoid torso; squeezes through 48x96 door (SRD squeezing: one size smaller); Sizing provenance: canvas and any unstated height/length are art or real-world estimates (not SRD); explicit SRD text and Owner anchors above remain as labeled
Lizardfolk,Medium,humanoid (lizardfolk),humanoid,1x1,48,72,YES,Sizing provenance: canvas and any unstated height/length are art or real-world estimates (not SRD); explicit SRD text and Owner anchors above remain as labeled
Werebear,Medium,"humanoid (human, shapechanger)",humanoid,1x1,48,96,YES,hybrid form; bear form described in its traits; SRD block size Medium; Sizing provenance: canvas and any unstated height/length are art or real-world estimates (not SRD); explicit SRD text and Owner anchors above remain as labeled
Wererat,Medium,"humanoid (human, shapechanger)",humanoid,1x1,48,72,YES,hybrid form; Sizing provenance: canvas and any unstated height/length are art or real-world estimates (not SRD); explicit SRD text and Owner anchors above remain as labeled
Wereboar,Medium,"humanoid (human, shapechanger)",humanoid,1x1,48,84,YES,hybrid form; Sizing provenance: canvas and any unstated height/length are art or real-world estimates (not SRD); explicit SRD text and Owner anchors above remain as labeled
Weretiger,Medium,"humanoid (human, shapechanger)",humanoid,1x1,48,84,YES,hybrid form; Sizing provenance: canvas and any unstated height/length are art or real-world estimates (not SRD); explicit SRD text and Owner anchors above remain as labeled
Werewolf,Medium,"humanoid (human, shapechanger)",humanoid,1x1,48,84,YES,hybrid form; Sizing provenance: canvas and any unstated height/length are art or real-world estimates (not SRD); explicit SRD text and Owner anchors above remain as labeled
Manticore,Large,monstrosity,flyer,2x2,144,96,SQUEEZE,squeezes through 48x96 door (SRD squeezing: one size smaller); Sizing provenance: canvas and any unstated height/length are art or real-world estimates (not SRD); explicit SRD text and Owner anchors above remain as labeled
Magmin,Small,elemental,humanoid,1x1,48,48,YES,Sizing provenance: canvas and any unstated height/length are art or real-world estimates (not SRD); explicit SRD text and Owner anchors above remain as labeled
Medusa,Medium,monstrosity,humanoid,1x1,48,72,YES,Sizing provenance: canvas and any unstated height/length are art or real-world estimates (not SRD); explicit SRD text and Owner anchors above remain as labeled
Dust Mephit,Small,elemental,flyer,1x1,48,48,YES,winged Small; wings kept inside 48 px; Sizing provenance: canvas and any unstated height/length are art or real-world estimates (not SRD); explicit SRD text and Owner anchors above remain as labeled
Magma Mephit,Small,elemental,flyer,1x1,48,48,YES,winged Small; wings kept inside 48 px; Sizing provenance: canvas and any unstated height/length are art or real-world estimates (not SRD); explicit SRD text and Owner anchors above remain as labeled
Ice Mephit,Small,elemental,flyer,1x1,48,48,YES,winged Small; wings kept inside 48 px; Sizing provenance: canvas and any unstated height/length are art or real-world estimates (not SRD); explicit SRD text and Owner anchors above remain as labeled
Steam Mephit,Small,elemental,flyer,1x1,48,48,YES,winged Small; wings kept inside 48 px; Sizing provenance: canvas and any unstated height/length are art or real-world estimates (not SRD); explicit SRD text and Owner anchors above remain as labeled
Merrow,Large,monstrosity,other,2x2,96,120,SQUEEZE,squeezes through 48x96 door (SRD squeezing: one size smaller); Sizing provenance: canvas and any unstated height/length are art or real-world estimates (not SRD); explicit SRD text and Owner anchors above remain as labeled
Merfolk,Medium,humanoid (merfolk),other,1x1,48,72,YES,fish tail instead of legs; aquatic; Sizing provenance: canvas and any unstated height/length are art or real-world estimates (not SRD); explicit SRD text and Owner anchors above remain as labeled
Mimic,Medium,monstrosity (shapechanger),other,1x1,48,48,YES,usually disguised as a chest/door; chest-sized sprite; Sizing provenance: canvas and any unstated height/length are art or real-world estimates (not SRD); explicit SRD text and Owner anchors above remain as labeled
Mummy,Medium,undead,humanoid,1x1,48,72,YES,Sizing provenance: canvas and any unstated height/length are art or real-world estimates (not SRD); explicit SRD text and Owner anchors above remain as labeled
Minotaur,Large,monstrosity,humanoid,2x2,96,120,SQUEEZE,squeezes through 48x96 door (SRD squeezing: one size smaller); Sizing provenance: canvas and any unstated height/length are art or real-world estimates (not SRD); explicit SRD text and Owner anchors above remain as labeled
Mummy Lord,Medium,undead,humanoid,1x1,48,72,YES,Sizing provenance: canvas and any unstated height/length are art or real-world estimates (not SRD); explicit SRD text and Owner anchors above remain as labeled
Spirit Naga,Large,monstrosity,serpent,2x2,96,96,SQUEEZE,"coiled serpent, raised head; squeezes through 48x96 door (SRD squeezing: one size smaller); Sizing provenance: canvas and any unstated height/length are art or real-world estimates (not SRD); explicit SRD text and Owner anchors above remain as labeled"
Guardian Naga,Large,monstrosity,serpent,2x2,96,96,SQUEEZE,"coiled serpent, raised head; squeezes through 48x96 door (SRD squeezing: one size smaller); Sizing provenance: canvas and any unstated height/length are art or real-world estimates (not SRD); explicit SRD text and Owner anchors above remain as labeled"
Ogre,Large,giant,humanoid,2x2,96,144,SQUEEZE,Owner example; squeezes through 48x96 door (SRD squeezing: one size smaller); Sizing provenance: canvas and any unstated height/length are art or real-world estimates (not SRD); explicit SRD text and Owner anchors above remain as labeled
Nightmare,Large,fiend,quadruped,2x2,96,72,SQUEEZE,squeezes through 48x96 door (SRD squeezing: one size smaller); Sizing provenance: canvas and any unstated height/length are art or real-world estimates (not SRD); explicit SRD text and Owner anchors above remain as labeled
Oni,Large,giant,humanoid,2x2,96,144,SQUEEZE,ogre-sized; squeezes through 48x96 door (SRD squeezing: one size smaller); Sizing provenance: canvas and any unstated height/length are art or real-world estimates (not SRD); explicit SRD text and Owner anchors above remain as labeled
Black Pudding,Large,ooze,ooze,2x2,96,96,SQUEEZE,"flat blob, visible ~48 px tall; squeezes through 48x96 door (SRD squeezing: one size smaller); Sizing provenance: canvas and any unstated height/length are art or real-world estimates (not SRD); explicit SRD text and Owner anchors above remain as labeled"
Gelatinous Cube,Large,ooze,other,2x2,96,120,SQUEEZE,10-ft cube: top face + front face visible; squeezes through 48x96 door (SRD squeezing: one size smaller); Sizing provenance: canvas and any unstated height/length are art or real-world estimates (not SRD); explicit SRD text and Owner anchors above remain as labeled
Ochre Jelly,Large,ooze,ooze,2x2,96,96,SQUEEZE,flat blob; squeezes through 48x96 door (SRD squeezing: one size smaller); Sizing provenance: canvas and any unstated height/length are art or real-world estimates (not SRD); explicit SRD text and Owner anchors above remain as labeled
Gray Ooze,Medium,ooze,ooze,1x1,48,48,YES,"flat puddle, visible height ~12-24 px; Sizing provenance: canvas and any unstated height/length are art or real-world estimates (not SRD); explicit SRD text and Owner anchors above remain as labeled"
Orc,Medium,humanoid (orc),humanoid,1x1,48,72,YES,Sizing provenance: canvas and any unstated height/length are art or real-world estimates (not SRD); explicit SRD text and Owner anchors above remain as labeled
Otyugh,Large,aberration,other,2x2,96,96,SQUEEZE,squeezes through 48x96 door (SRD squeezing: one size smaller); Sizing provenance: canvas and any unstated height/length are art or real-world estimates (not SRD); explicit SRD text and Owner anchors above remain as labeled
Owlbear,Large,monstrosity,quadruped,2x2,96,96,SQUEEZE,"stands tall, bear body; squeezes through 48x96 door (SRD squeezing: one size smaller); Sizing provenance: canvas and any unstated height/length are art or real-world estimates (not SRD); explicit SRD text and Owner anchors above remain as labeled"
Pseudodragon,Tiny,dragon,flyer,1x1 (shared; up to 4 per tile),48,48,YES,visible ~32 px incl. wings; Sizing provenance: canvas and any unstated height/length are art or real-world estimates (not SRD); explicit SRD text and Owner anchors above remain as labeled
Pegasus,Large,celestial,flyer,2x2,144,96,SQUEEZE,winged horse; squeezes through 48x96 door (SRD squeezing: one size smaller); Sizing provenance: canvas and any unstated height/length are art or real-world estimates (not SRD); explicit SRD text and Owner anchors above remain as labeled
Purple Worm,Gargantuan,monstrosity,serpent,4x4,192,192,NO,burrower; coiled/emerging; Sizing provenance: canvas and any unstated height/length are art or real-world estimates (not SRD); explicit SRD text and Owner anchors above remain as labeled
Remorhaz,Huge,monstrosity,quadruped,3x3,144,108,NO,long centipede-like body; Sizing provenance: canvas and any unstated height/length are art or real-world estimates (not SRD); explicit SRD text and Owner anchors above remain as labeled
Rakshasa,Medium,fiend,humanoid,1x1,48,84,YES,Sizing provenance: canvas and any unstated height/length are art or real-world estimates (not SRD); explicit SRD text and Owner anchors above remain as labeled
Roper,Large,monstrosity,other,2x2,96,120,SQUEEZE,"stalagmite-like, ~9 ft; squeezes through 48x96 door (SRD squeezing: one size smaller); Sizing provenance: canvas and any unstated height/length are art or real-world estimates (not SRD); explicit SRD text and Owner anchors above remain as labeled"
Roc,Gargantuan,monstrosity,flyer,6x6,384,192,NO,"Owner 2026-10-02 22:21 CT: 6x6 footprint; 384 px wingspan overhangs the 288 px footprint; canvas dimensions are art estimates, not SRD measurements; Sizing provenance: canvas and any unstated height/length are art or real-world estimates (not SRD); explicit SRD text and Owner anchors above remain as labeled"
Sahuagin,Medium,humanoid (sahuagin),humanoid,1x1,48,72,YES,Sizing provenance: canvas and any unstated height/length are art or real-world estimates (not SRD); explicit SRD text and Owner anchors above remain as labeled
Rust Monster,Medium,monstrosity,quadruped,1x1,72,60,YES,"footprint stays 1 tile, canvas overhangs; passes door lengthwise; Sizing provenance: canvas and any unstated height/length are art or real-world estimates (not SRD); explicit SRD text and Owner anchors above remain as labeled"
Salamander,Large,elemental,other,2x2,96,120,SQUEEZE,serpent lower body + humanoid torso; squeezes through 48x96 door (SRD squeezing: one size smaller); Sizing provenance: canvas and any unstated height/length are art or real-world estimates (not SRD); explicit SRD text and Owner anchors above remain as labeled
Shadow,Medium,undead,humanoid,1x1,48,72,YES,Sizing provenance: canvas and any unstated height/length are art or real-world estimates (not SRD); explicit SRD text and Owner anchors above remain as labeled
Satyr,Medium,fey,humanoid,1x1,48,72,YES,Sizing provenance: canvas and any unstated height/length are art or real-world estimates (not SRD); explicit SRD text and Owner anchors above remain as labeled
Shield Guardian,Large,construct,humanoid,2x2,96,120,SQUEEZE,squeezes through 48x96 door (SRD squeezing: one size smaller); Sizing provenance: canvas and any unstated height/length are art or real-world estimates (not SRD); explicit SRD text and Owner anchors above remain as labeled
Shambling Mound,Large,plant,other,2x2,96,96,SQUEEZE,squeezes through 48x96 door (SRD squeezing: one size smaller); Sizing provenance: canvas and any unstated height/length are art or real-world estimates (not SRD); explicit SRD text and Owner anchors above remain as labeled
Skeleton,Medium,undead,humanoid,1x1,48,72,YES,Sizing provenance: canvas and any unstated height/length are art or real-world estimates (not SRD); explicit SRD text and Owner anchors above remain as labeled
Warhorse Skeleton,Large,undead,quadruped,2x2,96,72,SQUEEZE,squeezes through 48x96 door (SRD squeezing: one size smaller); Sizing provenance: canvas and any unstated height/length are art or real-world estimates (not SRD); explicit SRD text and Owner anchors above remain as labeled
Minotaur Skeleton,Large,undead,humanoid,2x2,96,120,SQUEEZE,squeezes through 48x96 door (SRD squeezing: one size smaller); Sizing provenance: canvas and any unstated height/length are art or real-world estimates (not SRD); explicit SRD text and Owner anchors above remain as labeled
Specter,Medium,undead,humanoid,1x1,48,72,YES,incorporeal; Sizing provenance: canvas and any unstated height/length are art or real-world estimates (not SRD); explicit SRD text and Owner anchors above remain as labeled
Androsphinx,Large,monstrosity,flyer,2x2,144,120,SQUEEZE,winged lion body; squeezes through 48x96 door (SRD squeezing: one size smaller); Sizing provenance: canvas and any unstated height/length are art or real-world estimates (not SRD); explicit SRD text and Owner anchors above remain as labeled
Gynosphinx,Large,monstrosity,flyer,2x2,144,120,SQUEEZE,winged lion body; squeezes through 48x96 door (SRD squeezing: one size smaller); Sizing provenance: canvas and any unstated height/length are art or real-world estimates (not SRD); explicit SRD text and Owner anchors above remain as labeled
Sprite,Tiny,fey,flyer,1x1 (shared; up to 4 per tile),48,48,YES,visible ~16-24 px (about 1 ft tall); Sizing provenance: canvas and any unstated height/length are art or real-world estimates (not SRD); explicit SRD text and Owner anchors above remain as labeled
Succubus/Incubus,Medium,fiend (shapechanger),flyer,1x1,96,84,YES,"winged humanoid; wings overhang; footprint stays 1 tile, canvas overhangs; passes door lengthwise; Sizing provenance: canvas and any unstated height/length are art or real-world estimates (not SRD); explicit SRD text and Owner anchors above remain as labeled"
Stirge,Tiny,beast,flyer,1x1 (shared; up to 4 per tile),48,48,YES,visible ~24 px; Sizing provenance: canvas and any unstated height/length are art or real-world estimates (not SRD); explicit SRD text and Owner anchors above remain as labeled
Tarrasque,Gargantuan,monstrosity (titan),other,6x6,288,336,NO,Owner-allowed oversize; SRD 5.1 gives no height; Sizing provenance: canvas and any unstated height/length are art or real-world estimates (not SRD); explicit SRD text and Owner anchors above remain as labeled
Troll,Large,giant,humanoid,2x2,96,144,SQUEEZE,Owner example; squeezes through 48x96 door (SRD squeezing: one size smaller); Sizing provenance: canvas and any unstated height/length are art or real-world estimates (not SRD); explicit SRD text and Owner anchors above remain as labeled
Treant,Huge,plant,other,3x3,144,240,NO,matches mature tree 144x192-240; Sizing provenance: canvas and any unstated height/length are art or real-world estimates (not SRD); explicit SRD text and Owner anchors above remain as labeled
Unicorn,Large,celestial,quadruped,2x2,96,72,SQUEEZE,squeezes through 48x96 door (SRD squeezing: one size smaller); Sizing provenance: canvas and any unstated height/length are art or real-world estimates (not SRD); explicit SRD text and Owner anchors above remain as labeled
Vampire,Medium,undead (shapechanger),humanoid,1x1,48,72,YES,Sizing provenance: canvas and any unstated height/length are art or real-world estimates (not SRD); explicit SRD text and Owner anchors above remain as labeled
Vampire Spawn,Medium,undead,humanoid,1x1,48,72,YES,Sizing provenance: canvas and any unstated height/length are art or real-world estimates (not SRD); explicit SRD text and Owner anchors above remain as labeled
Wight,Medium,undead,humanoid,1x1,48,72,YES,Sizing provenance: canvas and any unstated height/length are art or real-world estimates (not SRD); explicit SRD text and Owner anchors above remain as labeled
Wraith,Medium,undead,humanoid,1x1,48,84,YES,"floating, incorporeal; Sizing provenance: canvas and any unstated height/length are art or real-world estimates (not SRD); explicit SRD text and Owner anchors above remain as labeled"
Will-o'-Wisp,Tiny,undead,flyer,1x1 (shared; up to 4 per tile),48,48,YES,visible ~16-24 px glowing orb; hovers; Sizing provenance: canvas and any unstated height/length are art or real-world estimates (not SRD); explicit SRD text and Owner anchors above remain as labeled
Wyvern,Large,dragon,flyer,2x2,144,96,SQUEEZE,squeezes through 48x96 door (SRD squeezing: one size smaller); Sizing provenance: canvas and any unstated height/length are art or real-world estimates (not SRD); explicit SRD text and Owner anchors above remain as labeled
Zombie,Medium,undead,humanoid,1x1,48,72,YES,Sizing provenance: canvas and any unstated height/length are art or real-world estimates (not SRD); explicit SRD text and Owner anchors above remain as labeled
Xorn,Medium,elemental,other,1x1,48,60,YES,"squat barrel body, ~5 ft; Sizing provenance: canvas and any unstated height/length are art or real-world estimates (not SRD); explicit SRD text and Owner anchors above remain as labeled"
Ogre Zombie,Large,undead,humanoid,2x2,96,144,SQUEEZE,ogre-sized; squeezes through 48x96 door (SRD squeezing: one size smaller); Sizing provenance: canvas and any unstated height/length are art or real-world estimates (not SRD); explicit SRD text and Owner anchors above remain as labeled
Ape,Medium,beast,quadruped,1x1,48,72,YES,upright primate; Appendix MM-A Misc. Creatures; Sizing provenance: canvas and any unstated height/length are art or real-world estimates (not SRD); explicit SRD text and Owner anchors above remain as labeled
Awakened Tree,Huge,plant,other,3x3,144,192,NO,matches mature tree low end; Appendix MM-A Misc. Creatures; Sizing provenance: canvas and any unstated height/length are art or real-world estimates (not SRD); explicit SRD text and Owner anchors above remain as labeled
Awakened Shrub,Small,plant,other,1x1,48,48,YES,"shrub-height, below sapling 48x48-72; Appendix MM-A Misc. Creatures; Sizing provenance: canvas and any unstated height/length are art or real-world estimates (not SRD); explicit SRD text and Owner anchors above remain as labeled"
Axe Beak,Large,beast,other,2x2,96,96,SQUEEZE,tall flightless bird; squeezes through 48x96 door (SRD squeezing: one size smaller); Appendix MM-A Misc. Creatures; Sizing provenance: canvas and any unstated height/length are art or real-world estimates (not SRD); explicit SRD text and Owner anchors above remain as labeled
Bat,Tiny,beast,flyer,1x1 (shared; up to 4 per tile),48,48,YES,visible ~16 px; Appendix MM-A Misc. Creatures; Sizing provenance: canvas and any unstated height/length are art or real-world estimates (not SRD); explicit SRD text and Owner anchors above remain as labeled
Baboon,Small,beast,quadruped,1x1,48,48,YES,upright-ish primate; Appendix MM-A Misc. Creatures; Sizing provenance: canvas and any unstated height/length are art or real-world estimates (not SRD); explicit SRD text and Owner anchors above remain as labeled
Black Bear,Medium,beast,quadruped,1x1,96,72,YES,"long body overhang; footprint stays 1 tile, canvas overhangs; passes door lengthwise; Appendix MM-A Misc. Creatures; Sizing provenance: canvas and any unstated height/length are art or real-world estimates (not SRD); explicit SRD text and Owner anchors above remain as labeled"
Badger,Tiny,beast,quadruped,1x1 (shared; up to 4 per tile),48,48,YES,visible ~24 px; Appendix MM-A Misc. Creatures; Sizing provenance: canvas and any unstated height/length are art or real-world estimates (not SRD); explicit SRD text and Owner anchors above remain as labeled
Blood Hawk,Small,beast,flyer,1x1,48,48,YES,Appendix MM-A Misc. Creatures; Sizing provenance: canvas and any unstated height/length are art or real-world estimates (not SRD); explicit SRD text and Owner anchors above remain as labeled
Blink Dog,Medium,fey,quadruped,1x1,72,60,YES,"footprint stays 1 tile, canvas overhangs; passes door lengthwise; Appendix MM-A Misc. Creatures; Sizing provenance: canvas and any unstated height/length are art or real-world estimates (not SRD); explicit SRD text and Owner anchors above remain as labeled"
Boar,Medium,beast,quadruped,1x1,72,60,YES,"footprint stays 1 tile, canvas overhangs; passes door lengthwise; Appendix MM-A Misc. Creatures; Sizing provenance: canvas and any unstated height/length are art or real-world estimates (not SRD); explicit SRD text and Owner anchors above remain as labeled"
Cat,Tiny,beast,quadruped,1x1 (shared; up to 4 per tile),48,48,YES,visible ~24 px; Appendix MM-A Misc. Creatures; Sizing provenance: canvas and any unstated height/length are art or real-world estimates (not SRD); explicit SRD text and Owner anchors above remain as labeled
Brown Bear,Large,beast,quadruped,2x2,96,72,SQUEEZE,squeezes through 48x96 door (SRD squeezing: one size smaller); Appendix MM-A Misc. Creatures; Sizing provenance: canvas and any unstated height/length are art or real-world estimates (not SRD); explicit SRD text and Owner anchors above remain as labeled
Constrictor Snake,Large,beast,serpent,2x2,96,96,SQUEEZE,"coiled, flat; squeezes through 48x96 door (SRD squeezing: one size smaller); Appendix MM-A Misc. Creatures; Sizing provenance: canvas and any unstated height/length are art or real-world estimates (not SRD); explicit SRD text and Owner anchors above remain as labeled"
Camel,Large,beast,quadruped,2x2,96,96,SQUEEZE,tall; hump + neck; squeezes through 48x96 door (SRD squeezing: one size smaller); Appendix MM-A Misc. Creatures; Sizing provenance: canvas and any unstated height/length are art or real-world estimates (not SRD); explicit SRD text and Owner anchors above remain as labeled
Death Dog,Medium,monstrosity,quadruped,1x1,72,60,YES,"footprint stays 1 tile, canvas overhangs; passes door lengthwise; Appendix MM-A Misc. Creatures; Sizing provenance: canvas and any unstated height/length are art or real-world estimates (not SRD); explicit SRD text and Owner anchors above remain as labeled"
Crab,Tiny,beast,quadruped,1x1 (shared; up to 4 per tile),48,48,YES,visible ~16 px; Appendix MM-A Misc. Creatures; Sizing provenance: canvas and any unstated height/length are art or real-world estimates (not SRD); explicit SRD text and Owner anchors above remain as labeled
Crocodile,Large,beast,quadruped,2x2,96,48,SQUEEZE,"low-slung, below 0.75 rule; squeezes through 48x96 door (SRD squeezing: one size smaller); Appendix MM-A Misc. Creatures; Sizing provenance: canvas and any unstated height/length are art or real-world estimates (not SRD); explicit SRD text and Owner anchors above remain as labeled"
Deer,Medium,beast,quadruped,1x1,96,72,YES,"long body; antlers; footprint stays 1 tile, canvas overhangs; passes door lengthwise; Appendix MM-A Misc. Creatures; Sizing provenance: canvas and any unstated height/length are art or real-world estimates (not SRD); explicit SRD text and Owner anchors above remain as labeled"
Eagle,Small,beast,flyer,1x1,48,48,YES,wingspan inside tile; Appendix MM-A Misc. Creatures; Sizing provenance: canvas and any unstated height/length are art or real-world estimates (not SRD); explicit SRD text and Owner anchors above remain as labeled
Dire Wolf,Large,beast,quadruped,2x2,96,72,SQUEEZE,squeezes through 48x96 door (SRD squeezing: one size smaller); Appendix MM-A Misc. Creatures; Sizing provenance: canvas and any unstated height/length are art or real-world estimates (not SRD); explicit SRD text and Owner anchors above remain as labeled
Elephant,Huge,beast,quadruped,3x3,144,144,NO,tall above 0.75 rule; Appendix MM-A Misc. Creatures; Sizing provenance: canvas and any unstated height/length are art or real-world estimates (not SRD); explicit SRD text and Owner anchors above remain as labeled
Draft Horse,Large,beast,quadruped,2x2,96,96,SQUEEZE,tall neck/head above 0.75 rule; squeezes through 48x96 door (SRD squeezing: one size smaller); Appendix MM-A Misc. Creatures; Sizing provenance: canvas and any unstated height/length are art or real-world estimates (not SRD); explicit SRD text and Owner anchors above remain as labeled
Elk,Large,beast,quadruped,2x2,96,96,SQUEEZE,antlers; squeezes through 48x96 door (SRD squeezing: one size smaller); Appendix MM-A Misc. Creatures; Sizing provenance: canvas and any unstated height/length are art or real-world estimates (not SRD); explicit SRD text and Owner anchors above remain as labeled
Frog,Tiny,beast,quadruped,1x1 (shared; up to 4 per tile),48,48,YES,visible ~16 px; Appendix MM-A Misc. Creatures; Sizing provenance: canvas and any unstated height/length are art or real-world estimates (not SRD); explicit SRD text and Owner anchors above remain as labeled
Flying Snake,Tiny,beast,flyer,1x1 (shared; up to 4 per tile),48,48,YES,visible ~24 px; Appendix MM-A Misc. Creatures; Sizing provenance: canvas and any unstated height/length are art or real-world estimates (not SRD); explicit SRD text and Owner anchors above remain as labeled
Giant Ape,Huge,beast,quadruped,3x3,144,192,NO,upright primate; Appendix MM-A Misc. Creatures; Sizing provenance: canvas and any unstated height/length are art or real-world estimates (not SRD); explicit SRD text and Owner anchors above remain as labeled
Giant Bat,Large,beast,flyer,2x2,144,72,SQUEEZE,wingspan; squeezes through 48x96 door (SRD squeezing: one size smaller); Appendix MM-A Misc. Creatures; Sizing provenance: canvas and any unstated height/length are art or real-world estimates (not SRD); explicit SRD text and Owner anchors above remain as labeled
Giant Badger,Medium,beast,quadruped,1x1,72,48,YES,"low body; footprint stays 1 tile, canvas overhangs; passes door lengthwise; Appendix MM-A Misc. Creatures; Sizing provenance: canvas and any unstated height/length are art or real-world estimates (not SRD); explicit SRD text and Owner anchors above remain as labeled"
Giant Boar,Large,beast,quadruped,2x2,96,72,SQUEEZE,squeezes through 48x96 door (SRD squeezing: one size smaller); Appendix MM-A Misc. Creatures; Sizing provenance: canvas and any unstated height/length are art or real-world estimates (not SRD); explicit SRD text and Owner anchors above remain as labeled
Giant Crab,Medium,beast,quadruped,1x1,72,48,YES,"low wide body; footprint stays 1 tile, canvas overhangs; passes door lengthwise; Appendix MM-A Misc. Creatures; Sizing provenance: canvas and any unstated height/length are art or real-world estimates (not SRD); explicit SRD text and Owner anchors above remain as labeled"
Giant Centipede,Small,beast,quadruped,1x1,48,48,YES,long low body drawn diagonally; flat; Appendix MM-A Misc. Creatures; Sizing provenance: canvas and any unstated height/length are art or real-world estimates (not SRD); explicit SRD text and Owner anchors above remain as labeled
Giant Crocodile,Huge,beast,quadruped,3x3,144,72,NO,low-slung; Appendix MM-A Misc. Creatures; Sizing provenance: canvas and any unstated height/length are art or real-world estimates (not SRD); explicit SRD text and Owner anchors above remain as labeled
Giant Constrictor Snake,Huge,beast,serpent,3x3,144,144,NO,"coiled, flat; Appendix MM-A Misc. Creatures; Sizing provenance: canvas and any unstated height/length are art or real-world estimates (not SRD); explicit SRD text and Owner anchors above remain as labeled"
Giant Eagle,Large,beast,flyer,2x2,144,96,SQUEEZE,squeezes through 48x96 door (SRD squeezing: one size smaller); Appendix MM-A Misc. Creatures; Sizing provenance: canvas and any unstated height/length are art or real-world estimates (not SRD); explicit SRD text and Owner anchors above remain as labeled
Giant Fire Beetle,Small,beast,quadruped,1x1,48,36,YES,Appendix MM-A Misc. Creatures; Sizing provenance: canvas and any unstated height/length are art or real-world estimates (not SRD); explicit SRD text and Owner anchors above remain as labeled
Giant Elk,Huge,beast,quadruped,3x3,144,144,NO,antlers; Appendix MM-A Misc. Creatures; Sizing provenance: canvas and any unstated height/length are art or real-world estimates (not SRD); explicit SRD text and Owner anchors above remain as labeled
Giant Goat,Large,beast,quadruped,2x2,96,72,SQUEEZE,squeezes through 48x96 door (SRD squeezing: one size smaller); Appendix MM-A Misc. Creatures; Sizing provenance: canvas and any unstated height/length are art or real-world estimates (not SRD); explicit SRD text and Owner anchors above remain as labeled
Giant Frog,Medium,beast,quadruped,1x1,72,48,YES,"low body; footprint stays 1 tile, canvas overhangs; passes door lengthwise; Appendix MM-A Misc. Creatures; Sizing provenance: canvas and any unstated height/length are art or real-world estimates (not SRD); explicit SRD text and Owner anchors above remain as labeled"
Giant Hyena,Large,beast,quadruped,2x2,96,72,SQUEEZE,squeezes through 48x96 door (SRD squeezing: one size smaller); Appendix MM-A Misc. Creatures; Sizing provenance: canvas and any unstated height/length are art or real-world estimates (not SRD); explicit SRD text and Owner anchors above remain as labeled
Giant Lizard,Large,beast,quadruped,2x2,96,48,SQUEEZE,low-slung; squeezes through 48x96 door (SRD squeezing: one size smaller); Appendix MM-A Misc. Creatures; Sizing provenance: canvas and any unstated height/length are art or real-world estimates (not SRD); explicit SRD text and Owner anchors above remain as labeled
Giant Owl,Large,beast,flyer,2x2,144,96,SQUEEZE,squeezes through 48x96 door (SRD squeezing: one size smaller); Appendix MM-A Misc. Creatures; Sizing provenance: canvas and any unstated height/length are art or real-world estimates (not SRD); explicit SRD text and Owner anchors above remain as labeled
Giant Octopus,Large,beast,serpent,2x2,96,96,SQUEEZE,aquatic; squeezes through 48x96 door (SRD squeezing: one size smaller); Appendix MM-A Misc. Creatures; Sizing provenance: canvas and any unstated height/length are art or real-world estimates (not SRD); explicit SRD text and Owner anchors above remain as labeled
Giant Poisonous Snake,Medium,beast,serpent,1x1,72,48,YES,"long body, flat; footprint stays 1 tile, canvas overhangs; passes door lengthwise; Appendix MM-A Misc. Creatures; Sizing provenance: canvas and any unstated height/length are art or real-world estimates (not SRD); explicit SRD text and Owner anchors above remain as labeled"
Giant Scorpion,Large,beast,quadruped,2x2,96,72,SQUEEZE,squeezes through 48x96 door (SRD squeezing: one size smaller); Appendix MM-A Misc. Creatures; Sizing provenance: canvas and any unstated height/length are art or real-world estimates (not SRD); explicit SRD text and Owner anchors above remain as labeled
Giant Rat,Small,beast,quadruped,1x1,48,36,YES,Appendix MM-A Misc. Creatures; Sizing provenance: canvas and any unstated height/length are art or real-world estimates (not SRD); explicit SRD text and Owner anchors above remain as labeled
Giant Sea Horse,Large,beast,serpent,2x2,96,96,SQUEEZE,"aquatic, upright; squeezes through 48x96 door (SRD squeezing: one size smaller); Appendix MM-A Misc. Creatures; Sizing provenance: canvas and any unstated height/length are art or real-world estimates (not SRD); explicit SRD text and Owner anchors above remain as labeled"
Giant Spider,Large,beast,quadruped,2x2,96,72,SQUEEZE,squeezes through 48x96 door (SRD squeezing: one size smaller); Appendix MM-A Misc. Creatures; Sizing provenance: canvas and any unstated height/length are art or real-world estimates (not SRD); explicit SRD text and Owner anchors above remain as labeled
Giant Shark,Huge,beast,serpent,3x3,288,144,NO,"SRD text: 30 ft long (360 px at 12 px/ft); drawn at 288 px, overhangs 3x3; aquatic; Appendix MM-A Misc. Creatures; Sizing provenance: canvas and any unstated height/length are art or real-world estimates (not SRD); explicit SRD text and Owner anchors above remain as labeled"
Giant Toad,Large,beast,quadruped,2x2,96,72,SQUEEZE,squeezes through 48x96 door (SRD squeezing: one size smaller); Appendix MM-A Misc. Creatures; Sizing provenance: canvas and any unstated height/length are art or real-world estimates (not SRD); explicit SRD text and Owner anchors above remain as labeled
Giant Wasp,Medium,beast,flyer,1x1,72,48,YES,"wingspan in width; footprint stays 1 tile, canvas overhangs; passes door lengthwise; Appendix MM-A Misc. Creatures; Sizing provenance: canvas and any unstated height/length are art or real-world estimates (not SRD); explicit SRD text and Owner anchors above remain as labeled"
Giant Vulture,Large,beast,flyer,2x2,144,96,SQUEEZE,squeezes through 48x96 door (SRD squeezing: one size smaller); Appendix MM-A Misc. Creatures; Sizing provenance: canvas and any unstated height/length are art or real-world estimates (not SRD); explicit SRD text and Owner anchors above remain as labeled
Giant Weasel,Medium,beast,quadruped,1x1,72,48,YES,"low body; footprint stays 1 tile, canvas overhangs; passes door lengthwise; Appendix MM-A Misc. Creatures; Sizing provenance: canvas and any unstated height/length are art or real-world estimates (not SRD); explicit SRD text and Owner anchors above remain as labeled"
Goat,Medium,beast,quadruped,1x1,72,60,YES,"footprint stays 1 tile, canvas overhangs; passes door lengthwise; Appendix MM-A Misc. Creatures; Sizing provenance: canvas and any unstated height/length are art or real-world estimates (not SRD); explicit SRD text and Owner anchors above remain as labeled"
Giant Wolf Spider,Medium,beast,quadruped,1x1,72,48,YES,"low wide body; footprint stays 1 tile, canvas overhangs; passes door lengthwise; Appendix MM-A Misc. Creatures; Sizing provenance: canvas and any unstated height/length are art or real-world estimates (not SRD); explicit SRD text and Owner anchors above remain as labeled"
Hawk,Tiny,beast,flyer,1x1 (shared; up to 4 per tile),48,48,YES,visible ~24 px incl. wings; Appendix MM-A Misc. Creatures; Sizing provenance: canvas and any unstated height/length are art or real-world estimates (not SRD); explicit SRD text and Owner anchors above remain as labeled
Hyena,Medium,beast,quadruped,1x1,72,60,YES,"footprint stays 1 tile, canvas overhangs; passes door lengthwise; Appendix MM-A Misc. Creatures; Sizing provenance: canvas and any unstated height/length are art or real-world estimates (not SRD); explicit SRD text and Owner anchors above remain as labeled"
Hunter Shark,Large,beast,serpent,2x2,192,96,SQUEEZE,"SRD text: 15 to 20 ft long (180-240 px at 12 px/ft); drawn ~16 ft, overhangs 2x2; aquatic; squeezes through 48x96 door (SRD squeezing: one size smaller); Appendix MM-A Misc. Creatures; Sizing provenance: canvas and any unstated height/length are art or real-world estimates (not SRD); explicit SRD text and Owner anchors above remain as labeled"
Jackal,Small,beast,quadruped,1x1,48,36,YES,Appendix MM-A Misc. Creatures; Sizing provenance: canvas and any unstated height/length are art or real-world estimates (not SRD); explicit SRD text and Owner anchors above remain as labeled
Killer Whale,Huge,beast,serpent,3x3,192,96,NO,long body overhang; length not in SRD; aquatic; Appendix MM-A Misc. Creatures; Sizing provenance: canvas and any unstated height/length are art or real-world estimates (not SRD); explicit SRD text and Owner anchors above remain as labeled
Lizard,Tiny,beast,quadruped,1x1 (shared; up to 4 per tile),48,48,YES,visible ~16 px; Appendix MM-A Misc. Creatures; Sizing provenance: canvas and any unstated height/length are art or real-world estimates (not SRD); explicit SRD text and Owner anchors above remain as labeled
Lion,Large,beast,quadruped,2x2,96,72,SQUEEZE,squeezes through 48x96 door (SRD squeezing: one size smaller); Appendix MM-A Misc. Creatures; Sizing provenance: canvas and any unstated height/length are art or real-world estimates (not SRD); explicit SRD text and Owner anchors above remain as labeled
Mammoth,Huge,beast,quadruped,3x3,144,144,NO,tall above 0.75 rule; Appendix MM-A Misc. Creatures; Sizing provenance: canvas and any unstated height/length are art or real-world estimates (not SRD); explicit SRD text and Owner anchors above remain as labeled
Mule,Medium,beast,quadruped,1x1,96,72,YES,"long body overhang; pack animal; footprint stays 1 tile, canvas overhangs; passes door lengthwise; Appendix MM-A Misc. Creatures; Sizing provenance: canvas and any unstated height/length are art or real-world estimates (not SRD); explicit SRD text and Owner anchors above remain as labeled"
Mastiff,Medium,beast,quadruped,1x1,72,60,YES,"footprint stays 1 tile, canvas overhangs; passes door lengthwise; Appendix MM-A Misc. Creatures; Sizing provenance: canvas and any unstated height/length are art or real-world estimates (not SRD); explicit SRD text and Owner anchors above remain as labeled"
Octopus,Small,beast,serpent,1x1,48,36,YES,aquatic; Appendix MM-A Misc. Creatures; Sizing provenance: canvas and any unstated height/length are art or real-world estimates (not SRD); explicit SRD text and Owner anchors above remain as labeled
Panther,Medium,beast,quadruped,1x1,96,60,YES,"long body overhang; footprint stays 1 tile, canvas overhangs; passes door lengthwise; Appendix MM-A Misc. Creatures; Sizing provenance: canvas and any unstated height/length are art or real-world estimates (not SRD); explicit SRD text and Owner anchors above remain as labeled"
Owl,Tiny,beast,flyer,1x1 (shared; up to 4 per tile),48,48,YES,visible ~24 px incl. wings; Appendix MM-A Misc. Creatures; Sizing provenance: canvas and any unstated height/length are art or real-world estimates (not SRD); explicit SRD text and Owner anchors above remain as labeled
Phase Spider,Large,monstrosity,quadruped,2x2,96,72,SQUEEZE,squeezes through 48x96 door (SRD squeezing: one size smaller); Appendix MM-A Misc. Creatures; Sizing provenance: canvas and any unstated height/length are art or real-world estimates (not SRD); explicit SRD text and Owner anchors above remain as labeled
Polar Bear,Large,beast,quadruped,2x2,96,72,SQUEEZE,squeezes through 48x96 door (SRD squeezing: one size smaller); Appendix MM-A Misc. Creatures; Sizing provenance: canvas and any unstated height/length are art or real-world estimates (not SRD); explicit SRD text and Owner anchors above remain as labeled
Pony,Medium,beast,quadruped,1x1,96,72,YES,"long body overhang; mount; footprint stays 1 tile, canvas overhangs; passes door lengthwise; Appendix MM-A Misc. Creatures; Sizing provenance: canvas and any unstated height/length are art or real-world estimates (not SRD); explicit SRD text and Owner anchors above remain as labeled"
Poisonous Snake,Tiny,beast,serpent,1x1 (shared; up to 4 per tile),48,48,YES,"visible ~24 px, flat; Appendix MM-A Misc. Creatures; Sizing provenance: canvas and any unstated height/length are art or real-world estimates (not SRD); explicit SRD text and Owner anchors above remain as labeled"
Quipper,Tiny,beast,serpent,1x1 (shared; up to 4 per tile),48,48,YES,visible ~16 px; aquatic; Appendix MM-A Misc. Creatures; Sizing provenance: canvas and any unstated height/length are art or real-world estimates (not SRD); explicit SRD text and Owner anchors above remain as labeled
Raven,Tiny,beast,flyer,1x1 (shared; up to 4 per tile),48,48,YES,visible ~24 px; Appendix MM-A Misc. Creatures; Sizing provenance: canvas and any unstated height/length are art or real-world estimates (not SRD); explicit SRD text and Owner anchors above remain as labeled
Reef Shark,Medium,beast,serpent,1x1,96,48,YES,"SRD text: 6 to 10 ft long; drawn ~8 ft; aquatic; footprint stays 1 tile, canvas overhangs; passes door lengthwise; Appendix MM-A Misc. Creatures; Sizing provenance: canvas and any unstated height/length are art or real-world estimates (not SRD); explicit SRD text and Owner anchors above remain as labeled"
Rat,Tiny,beast,quadruped,1x1 (shared; up to 4 per tile),48,48,YES,visible ~16 px; Appendix MM-A Misc. Creatures; Sizing provenance: canvas and any unstated height/length are art or real-world estimates (not SRD); explicit SRD text and Owner anchors above remain as labeled
Saber-Toothed Tiger,Large,beast,quadruped,2x2,96,72,SQUEEZE,squeezes through 48x96 door (SRD squeezing: one size smaller); Appendix MM-A Misc. Creatures; Sizing provenance: canvas and any unstated height/length are art or real-world estimates (not SRD); explicit SRD text and Owner anchors above remain as labeled
Rhinoceros,Large,beast,quadruped,2x2,96,72,SQUEEZE,squeezes through 48x96 door (SRD squeezing: one size smaller); Appendix MM-A Misc. Creatures; Sizing provenance: canvas and any unstated height/length are art or real-world estimates (not SRD); explicit SRD text and Owner anchors above remain as labeled
Riding Horse,Large,beast,quadruped,2x2,96,96,SQUEEZE,tall neck/head above 0.75 rule; squeezes through 48x96 door (SRD squeezing: one size smaller); Appendix MM-A Misc. Creatures; Sizing provenance: canvas and any unstated height/length are art or real-world estimates (not SRD); explicit SRD text and Owner anchors above remain as labeled
Scorpion,Tiny,beast,quadruped,1x1 (shared; up to 4 per tile),48,48,YES,visible ~16 px; Appendix MM-A Misc. Creatures; Sizing provenance: canvas and any unstated height/length are art or real-world estimates (not SRD); explicit SRD text and Owner anchors above remain as labeled
Sea Horse,Tiny,beast,serpent,1x1 (shared; up to 4 per tile),48,48,YES,visible ~16 px; aquatic; Appendix MM-A Misc. Creatures; Sizing provenance: canvas and any unstated height/length are art or real-world estimates (not SRD); explicit SRD text and Owner anchors above remain as labeled
Swarm of Bats,Medium,swarm of Tiny beasts,swarm,1x1,48,48,YES,Medium swarm of Tiny beasts: 1x1 footprint by SRD size; many 8-16 px sprites; can occupy another creature's space; Appendix MM-A Misc. Creatures; Sizing provenance: canvas and any unstated height/length are art or real-world estimates (not SRD); explicit SRD text and Owner anchors above remain as labeled
Spider,Tiny,beast,quadruped,1x1 (shared; up to 4 per tile),48,48,YES,visible ~16 px; Appendix MM-A Misc. Creatures; Sizing provenance: canvas and any unstated height/length are art or real-world estimates (not SRD); explicit SRD text and Owner anchors above remain as labeled
Swarm of Insects,Medium,swarm of Tiny beasts,swarm,1x1,48,48,YES,Medium swarm of Tiny beasts: 1x1 footprint by SRD size; many 8-16 px sprites; can occupy another creature's space; Appendix MM-A Misc. Creatures; Sizing provenance: canvas and any unstated height/length are art or real-world estimates (not SRD); explicit SRD text and Owner anchors above remain as labeled
Swarm of Quippers,Medium,swarm of Tiny beasts,swarm,1x1,48,48,YES,Medium swarm of Tiny beasts: 1x1 footprint by SRD size; many 8-16 px sprites; can occupy another creature's space; Appendix MM-A Misc. Creatures; Sizing provenance: canvas and any unstated height/length are art or real-world estimates (not SRD); explicit SRD text and Owner anchors above remain as labeled
Swarm of Poisonous Snakes,Medium,swarm of Tiny beasts,swarm,1x1,48,48,YES,Medium swarm of Tiny beasts: 1x1 footprint by SRD size; many 8-16 px sprites; can occupy another creature's space; Appendix MM-A Misc. Creatures; Sizing provenance: canvas and any unstated height/length are art or real-world estimates (not SRD); explicit SRD text and Owner anchors above remain as labeled
Swarm of Rats,Medium,swarm of Tiny beasts,swarm,1x1,48,48,YES,Medium swarm of Tiny beasts: 1x1 footprint by SRD size; many 8-16 px sprites; can occupy another creature's space; Appendix MM-A Misc. Creatures; Sizing provenance: canvas and any unstated height/length are art or real-world estimates (not SRD); explicit SRD text and Owner anchors above remain as labeled
Swarm of Ravens,Medium,swarm of Tiny beasts,swarm,1x1,48,48,YES,Medium swarm of Tiny beasts: 1x1 footprint by SRD size; many 8-16 px sprites; can occupy another creature's space; Appendix MM-A Misc. Creatures; Sizing provenance: canvas and any unstated height/length are art or real-world estimates (not SRD); explicit SRD text and Owner anchors above remain as labeled
Tiger,Large,beast,quadruped,2x2,96,72,SQUEEZE,squeezes through 48x96 door (SRD squeezing: one size smaller); Appendix MM-A Misc. Creatures; Sizing provenance: canvas and any unstated height/length are art or real-world estimates (not SRD); explicit SRD text and Owner anchors above remain as labeled
Vulture,Medium,beast,flyer,1x1,72,48,YES,"wingspan in width; footprint stays 1 tile, canvas overhangs; passes door lengthwise; Appendix MM-A Misc. Creatures; Sizing provenance: canvas and any unstated height/length are art or real-world estimates (not SRD); explicit SRD text and Owner anchors above remain as labeled"
Weasel,Tiny,beast,quadruped,1x1 (shared; up to 4 per tile),48,48,YES,visible ~16 px; Appendix MM-A Misc. Creatures; Sizing provenance: canvas and any unstated height/length are art or real-world estimates (not SRD); explicit SRD text and Owner anchors above remain as labeled
Warhorse,Large,beast,quadruped,2x2,96,96,SQUEEZE,tall neck/head above 0.75 rule; squeezes through 48x96 door (SRD squeezing: one size smaller); Appendix MM-A Misc. Creatures; Sizing provenance: canvas and any unstated height/length are art or real-world estimates (not SRD); explicit SRD text and Owner anchors above remain as labeled
Winter Wolf,Large,monstrosity,quadruped,2x2,96,72,SQUEEZE,squeezes through 48x96 door (SRD squeezing: one size smaller); Appendix MM-A Misc. Creatures; Sizing provenance: canvas and any unstated height/length are art or real-world estimates (not SRD); explicit SRD text and Owner anchors above remain as labeled
Worg,Large,monstrosity,quadruped,2x2,96,72,SQUEEZE,squeezes through 48x96 door (SRD squeezing: one size smaller); Appendix MM-A Misc. Creatures; Sizing provenance: canvas and any unstated height/length are art or real-world estimates (not SRD); explicit SRD text and Owner anchors above remain as labeled
Wolf,Medium,beast,quadruped,1x1,72,60,YES,"footprint stays 1 tile, canvas overhangs; passes door lengthwise; Appendix MM-A Misc. Creatures; Sizing provenance: canvas and any unstated height/length are art or real-world estimates (not SRD); explicit SRD text and Owner anchors above remain as labeled"
Archmage,Medium,humanoid (any race),humanoid,1x1,48,72,YES,"Appendix MM-B NPCs (race-agnostic; canvas = Human default, use race canvas if race chosen); Sizing provenance: canvas and any unstated height/length are art or real-world estimates (not SRD); explicit SRD text and Owner anchors above remain as labeled"
Acolyte,Medium,humanoid (any race),humanoid,1x1,48,72,YES,"Appendix MM-B NPCs (race-agnostic; canvas = Human default, use race canvas if race chosen); Sizing provenance: canvas and any unstated height/length are art or real-world estimates (not SRD); explicit SRD text and Owner anchors above remain as labeled"
Assassin,Medium,humanoid (any race),humanoid,1x1,48,72,YES,"Appendix MM-B NPCs (race-agnostic; canvas = Human default, use race canvas if race chosen); Sizing provenance: canvas and any unstated height/length are art or real-world estimates (not SRD); explicit SRD text and Owner anchors above remain as labeled"
Bandit,Medium,humanoid (any race),humanoid,1x1,48,72,YES,"Appendix MM-B NPCs (race-agnostic; canvas = Human default, use race canvas if race chosen); Sizing provenance: canvas and any unstated height/length are art or real-world estimates (not SRD); explicit SRD text and Owner anchors above remain as labeled"
Berserker,Medium,humanoid (any race),humanoid,1x1,48,72,YES,"Appendix MM-B NPCs (race-agnostic; canvas = Human default, use race canvas if race chosen); Sizing provenance: canvas and any unstated height/length are art or real-world estimates (not SRD); explicit SRD text and Owner anchors above remain as labeled"
Bandit Captain,Medium,humanoid (any race),humanoid,1x1,48,72,YES,"Appendix MM-B NPCs (race-agnostic; canvas = Human default, use race canvas if race chosen); Sizing provenance: canvas and any unstated height/length are art or real-world estimates (not SRD); explicit SRD text and Owner anchors above remain as labeled"
Commoner,Medium,humanoid (any race),humanoid,1x1,48,72,YES,"Appendix MM-B NPCs (race-agnostic; canvas = Human default, use race canvas if race chosen); Sizing provenance: canvas and any unstated height/length are art or real-world estimates (not SRD); explicit SRD text and Owner anchors above remain as labeled"
Cult Fanatic,Medium,humanoid (any race),humanoid,1x1,48,72,YES,"Appendix MM-B NPCs (race-agnostic; canvas = Human default, use race canvas if race chosen); Sizing provenance: canvas and any unstated height/length are art or real-world estimates (not SRD); explicit SRD text and Owner anchors above remain as labeled"
Cultist,Medium,humanoid (any race),humanoid,1x1,48,72,YES,"Appendix MM-B NPCs (race-agnostic; canvas = Human default, use race canvas if race chosen); Sizing provenance: canvas and any unstated height/length are art or real-world estimates (not SRD); explicit SRD text and Owner anchors above remain as labeled"
Druid,Medium,humanoid (any race),humanoid,1x1,48,72,YES,"Appendix MM-B NPCs (race-agnostic; canvas = Human default, use race canvas if race chosen); Sizing provenance: canvas and any unstated height/length are art or real-world estimates (not SRD); explicit SRD text and Owner anchors above remain as labeled"
Guard,Medium,humanoid (any race),humanoid,1x1,48,72,YES,"Appendix MM-B NPCs (race-agnostic; canvas = Human default, use race canvas if race chosen); Sizing provenance: canvas and any unstated height/length are art or real-world estimates (not SRD); explicit SRD text and Owner anchors above remain as labeled"
Gladiator,Medium,humanoid (any race),humanoid,1x1,48,72,YES,"Appendix MM-B NPCs (race-agnostic; canvas = Human default, use race canvas if race chosen); Sizing provenance: canvas and any unstated height/length are art or real-world estimates (not SRD); explicit SRD text and Owner anchors above remain as labeled"
Mage,Medium,humanoid (any race),humanoid,1x1,48,72,YES,"Appendix MM-B NPCs (race-agnostic; canvas = Human default, use race canvas if race chosen); Sizing provenance: canvas and any unstated height/length are art or real-world estimates (not SRD); explicit SRD text and Owner anchors above remain as labeled"
Knight,Medium,humanoid (any race),humanoid,1x1,48,72,YES,"Appendix MM-B NPCs (race-agnostic; canvas = Human default, use race canvas if race chosen); Sizing provenance: canvas and any unstated height/length are art or real-world estimates (not SRD); explicit SRD text and Owner anchors above remain as labeled"
Noble,Medium,humanoid (any race),humanoid,1x1,48,72,YES,"Appendix MM-B NPCs (race-agnostic; canvas = Human default, use race canvas if race chosen); Sizing provenance: canvas and any unstated height/length are art or real-world estimates (not SRD); explicit SRD text and Owner anchors above remain as labeled"
Scout,Medium,humanoid (any race),humanoid,1x1,48,72,YES,"Appendix MM-B NPCs (race-agnostic; canvas = Human default, use race canvas if race chosen); Sizing provenance: canvas and any unstated height/length are art or real-world estimates (not SRD); explicit SRD text and Owner anchors above remain as labeled"
Priest,Medium,humanoid (any race),humanoid,1x1,48,72,YES,"Appendix MM-B NPCs (race-agnostic; canvas = Human default, use race canvas if race chosen); Sizing provenance: canvas and any unstated height/length are art or real-world estimates (not SRD); explicit SRD text and Owner anchors above remain as labeled"
Thug,Medium,humanoid (any race),humanoid,1x1,48,72,YES,"Appendix MM-B NPCs (race-agnostic; canvas = Human default, use race canvas if race chosen); Sizing provenance: canvas and any unstated height/length are art or real-world estimates (not SRD); explicit SRD text and Owner anchors above remain as labeled"
Spy,Medium,humanoid (any race),humanoid,1x1,48,72,YES,"Appendix MM-B NPCs (race-agnostic; canvas = Human default, use race canvas if race chosen); Sizing provenance: canvas and any unstated height/length are art or real-world estimates (not SRD); explicit SRD text and Owner anchors above remain as labeled"
Tribal Warrior,Medium,humanoid (any race),humanoid,1x1,48,72,YES,"Appendix MM-B NPCs (race-agnostic; canvas = Human default, use race canvas if race chosen); Sizing provenance: canvas and any unstated height/length are art or real-world estimates (not SRD); explicit SRD text and Owner anchors above remain as labeled"
Veteran,Medium,humanoid (any race),humanoid,1x1,48,72,YES,"Appendix MM-B NPCs (race-agnostic; canvas = Human default, use race canvas if race chosen); Sizing provenance: canvas and any unstated height/length are art or real-world estimates (not SRD); explicit SRD text and Owner anchors above remain as labeled"
